{
  "compressor": {
    "mean": [
      1.0633655896878396,
      0.7004371606004544,
      0.5101817707301906,
      0.36887808859157256,
      0.3073112683571302,
      0.2619947550531763,
      0.22994629787770696,
      0.19742838186128303,
      0.18078738540749795,
      0.152266771534222,
      0.11133095812600237,
      0.08400818292168716,
      0.0679732603888484,
      0.05021755330938434,
      0.03868375333308135,
      0.02686102835780893,
      0.6059152410599665,
      0.1699978419402853,
      3.8255459667474794
    ],
    "scale": [
      0.7577697514271152,
      0.4766742569512608,
      0.3656378659662604,
      0.2826018671711646,
      0.25872344489934623,
      0.23370335431306463,
      0.2284499057322268,
      0.20428120141829162,
      0.19670212250909513,
      0.160807886004448,
      0.10421019034109058,
      0.07864233480891733,
      0.07176463697188644,
      0.05441442698350245,
      0.04778252306877917,
      0.03349639935012002,
      0.3073565846257293,
      0.10659759877037531,
      1.0131947566504682
    ],
    "feature_dim": 19
  },
  "noise_classifier": {
    "mean": [
      1.0633655896878396,
      0.7004371606004544,
      0.5101817707301906,
      0.36887808859157256,
      0.3073112683571302,
      0.2619947550531763,
      0.22994629787770696,
      0.19742838186128303,
      0.18078738540749795,
      0.152266771534222,
      0.11133095812600237,
      0.08400818292168716,
      0.0679732603888484,
      0.05021755330938434,
      0.03868375333308135,
      0.02686102835780893,
      0.0804197283835955,
      0.013653500058256517
    ],
    "scale": [
      0.7577697514271152,
      0.4766742569512608,
      0.3656378659662604,
      0.2826018671711646,
      0.25872344489934623,
      0.23370335431306463,
      0.2284499057322268,
      0.20428120141829162,
      0.19670212250909513,
      0.160807886004448,
      0.10421019034109058,
      0.07864233480891733,
      0.07176463697188644,
      0.05441442698350245,
      0.04778252306877917,
      0.03349639935012002,
      0.04391191499567819,
      0.019715128379677007
    ],
    "feature_dim": 18
  }
}